20-05-30 12:13:14;bvanston_puzzles/E2BenchmarkWithoutHints/E_7_1.b6i6.nohint.txt;7;10117322;1739;
20-05-30 12:15:00;bvanston_puzzles/E2BenchmarkWithoutHints/E_7_2.b6i6.nohint.txt;7;656385504;102141;
20-05-30 12:16:13;bvanston_puzzles/E2BenchmarkWithoutHints/E_7_3.b6i6.nohint.txt;7;412006944;69362;
20-05-30 12:16:46;bvanston_puzzles/E2BenchmarkWithoutHints/E_7_4.b6i6.nohint.txt;7;181903032;28826;
20-05-30 12:19:09;bvanston_puzzles/E2BenchmarkWithoutHints/E_8_1.b8i8.nohint.txt;8;794187946;138997;
20-05-30 12:26:40;bvanston_puzzles/E2BenchmarkWithoutHints/E_9_10.b10i10.nohint.txt;9;1824201483;446811;
20-05-30 12:26:47;bvanston_puzzles/E2BenchmarkWithoutHints/E_9_11.b9i11.nohint.txt;9;15101445;3377;
20-05-30 12:27:03;bvanston_puzzles/E2BenchmarkWithoutHints/E_9_12.b10i10.nohint.txt;9;47321381;11562;
20-05-30 12:27:15;bvanston_puzzles/E2BenchmarkWithoutHints/E_9_13.b10i10.nohint.txt;9;35234906;8753;
20-05-30 12:27:29;bvanston_puzzles/E2BenchmarkWithoutHints/E_9_14.b9i10.nohint.txt;9;40342788;9983;
20-05-30 12:27:43;bvanston_puzzles/E2BenchmarkWithoutHints/E_9_15.b10i10.nohint.txt;9;40196327;10078;
20-05-30 12:27:49;bvanston_puzzles/E2BenchmarkWithoutHints/E_9_16.b9i10.nohint.txt;9;5581229;1448;
20-05-30 12:28:30;bvanston_puzzles/E2BenchmarkWithoutHints/E_9_17.b9i10.nohint.txt;9;144858816;37430;
20-05-30 12:53:28;bvanston_puzzles/E2BenchmarkWithoutHints/E_9_1.b9i9.nohint.txt;9;1644092135;1494032;
20-05-30 13:23:32;bvanston_puzzles/E2BenchmarkWithoutHints/E_9_2.b9i9.nohint.txt;9;-1686135683;1800012;
20-05-30 13:23:36;bvanston_puzzles/E2BenchmarkWithoutHints/E_9_3.b11i12.nohint.txt;9;344648;82;
20-05-30 13:23:41;bvanston_puzzles/E2BenchmarkWithoutHints/E_9_4.b9i12.nohint.txt;9;323152;76;
20-05-30 13:23:45;bvanston_puzzles/E2BenchmarkWithoutHints/E_9_5.b10i11.nohint.txt;9;1145232;265;
20-05-30 13:46:53;bvanston_puzzles/E2BenchmarkWithoutHints/E_9_6.b9i10.nohint.txt;9;1631237405;1383722;
20-05-30 13:46:58;bvanston_puzzles/E2BenchmarkWithoutHints/E_9_7.b9i11.nohint.txt;9;5318297;1201;
20-05-30 17:24:59;bvanston_puzzles/E2BenchmarkWithoutHints/E_7_1.b6i6.nohint.txt;7;59702624;10302;
20-05-30 17:27:01;bvanston_puzzles/E2BenchmarkWithoutHints/E_7_2.b6i6.nohint.txt;7;769721068;118792;
20-05-30 17:27:34;bvanston_puzzles/E2BenchmarkWithoutHints/E_7_3.b6i6.nohint.txt;7;163908776;28455;
20-05-30 17:28:00;bvanston_puzzles/E2BenchmarkWithoutHints/E_7_4.b6i6.nohint.txt;7;143057159;22646;
20-05-30 17:29:18;bvanston_puzzles/E2BenchmarkWithoutHints/E_8_1.b8i8.nohint.txt;8;428254948;73972;
20-05-30 17:30:43;bvanston_puzzles/E2BenchmarkWithoutHints/E_9_10.b10i10.nohint.txt;9;337645739;81162;
20-05-30 17:30:47;bvanston_puzzles/E2BenchmarkWithoutHints/E_9_11.b9i11.nohint.txt;9;3377971;766;
20-05-30 17:31:06;bvanston_puzzles/E2BenchmarkWithoutHints/E_9_12.b10i10.nohint.txt;9;58897587;14390;
20-05-30 17:31:17;bvanston_puzzles/E2BenchmarkWithoutHints/E_9_13.b10i10.nohint.txt;9;31412289;7808;
20-05-30 17:32:17;bvanston_puzzles/E2BenchmarkWithoutHints/E_9_14.b9i10.nohint.txt;9;230264147;55852;
20-05-30 17:32:36;bvanston_puzzles/E2BenchmarkWithoutHints/E_9_15.b10i10.nohint.txt;9;62704432;15614;
20-05-30 17:34:35;bvanston_puzzles/E2BenchmarkWithoutHints/E_9_16.b9i10.nohint.txt;9;447252194;114574;
20-05-30 17:34:45;bvanston_puzzles/E2BenchmarkWithoutHints/E_9_17.b9i10.nohint.txt;9;23926147;6160;
20-05-30 17:37:29;bvanston_puzzles/E2BenchmarkWithoutHints/E_9_1.b9i9.nohint.txt;9;632409772;160446;
20-05-30 18:14:39;bvanston_puzzles/E2BenchmarkWithoutHints/E_9_2.b9i9.nohint.txt;9;-98646964;2225970;
20-05-30 18:14:43;bvanston_puzzles/E2BenchmarkWithoutHints/E_9_3.b11i12.nohint.txt;9;184123;42;
20-05-30 18:14:47;bvanston_puzzles/E2BenchmarkWithoutHints/E_9_4.b9i12.nohint.txt;9;804631;179;
20-05-30 18:14:53;bvanston_puzzles/E2BenchmarkWithoutHints/E_9_5.b10i11.nohint.txt;9;10595321;2413;
20-05-30 18:35:31;bvanston_puzzles/E2BenchmarkWithoutHints/E_9_6.b9i10.nohint.txt;9;1014845100;1234417;
20-05-30 18:35:37;bvanston_puzzles/E2BenchmarkWithoutHints/E_9_7.b9i11.nohint.txt;9;7088852;1607;
20-05-30 19:05:17;bvanston_puzzles/E2BenchmarkWithoutHints/E_9_8.b8i9.nohint.txt;9;-1950382582;19095422;
20-05-30 19:06:42;bvanston_puzzles/E2BenchmarkWithoutHints/E_9_9.b9i10.nohint.txt;9;333545842;80692;
20-05-30 19:07:33;bvanston_puzzles/E2BenchmarkWithoutHints/E_10_10.b12i12.nohint.txt;10;191845724;47171;
20-05-30 19:07:37;bvanston_puzzles/E2BenchmarkWithoutHints/E_10_11.b13i13.nohint.txt;10;122152;28;
20-05-30 19:07:41;bvanston_puzzles/E2BenchmarkWithoutHints/E_10_12.b12i13.nohint.txt;10;2998970;664;
20-05-30 19:12:26;bvanston_puzzles/E2BenchmarkWithoutHints/E_10_13.b12i12.nohint.txt;10;1128224873;280865;
20-05-30 19:12:31;bvanston_puzzles/E2BenchmarkWithoutHints/E_10_14.b12i13.nohint.txt;10;4144194;1003;
20-05-30 19:12:57;bvanston_puzzles/E2BenchmarkWithoutHints/E_10_15.b11i12.nohint.txt;10;90422341;22800;
20-05-30 19:13:02;bvanston_puzzles/E2BenchmarkWithoutHints/E_10_16.b13i13.nohint.txt;10;2306895;532;
20-05-30 19:13:06;bvanston_puzzles/E2BenchmarkWithoutHints/E_10_17.b13i13.nohint.txt;10;1993949;491;
20-05-30 19:13:12;bvanston_puzzles/E2BenchmarkWithoutHints/E_10_18.b12i13.nohint.txt;10;9052973;2014;
20-05-30 19:13:18;bvanston_puzzles/E2BenchmarkWithoutHints/E_10_19.b12i13.nohint.txt;10;9997650;2334;
20-05-30 20:00:22;bvanston_puzzles/E2BenchmarkWithoutHints/E_9_8.b8i9.nohint.txt;9;-1154689620;5081378;
20-05-30 20:04:20;bvanston_puzzles/E2BenchmarkWithoutHints/E_9_9.b9i10.nohint.txt;9;952211935;233691;
20-05-30 20:06:49;bvanston_puzzles/E2BenchmarkWithoutHints/E_10_10.b12i12.nohint.txt;10;595355014;146000;
20-05-30 20:06:53;bvanston_puzzles/E2BenchmarkWithoutHints/E_10_11.b13i13.nohint.txt;10;667826;158;
20-05-30 20:06:57;bvanston_puzzles/E2BenchmarkWithoutHints/E_10_12.b12i13.nohint.txt;10;784452;184;
20-05-30 20:10:59;bvanston_puzzles/E2BenchmarkWithoutHints/E_10_13.b12i12.nohint.txt;10;946915593;238167;
20-05-30 20:11:04;bvanston_puzzles/E2BenchmarkWithoutHints/E_10_14.b12i13.nohint.txt;10;2916840;707;
20-05-30 20:11:34;bvanston_puzzles/E2BenchmarkWithoutHints/E_10_15.b11i12.nohint.txt;10;102384325;25809;
20-05-30 20:11:38;bvanston_puzzles/E2BenchmarkWithoutHints/E_10_16.b13i13.nohint.txt;10;1330652;323;
20-05-30 20:11:43;bvanston_puzzles/E2BenchmarkWithoutHints/E_10_17.b13i13.nohint.txt;10;6621851;1643;
20-05-30 20:11:48;bvanston_puzzles/E2BenchmarkWithoutHints/E_10_18.b12i13.nohint.txt;10;1599414;366;
20-05-30 20:11:57;bvanston_puzzles/E2BenchmarkWithoutHints/E_10_19.b12i13.nohint.txt;10;22356176;5144;
20-05-30 23:39:05;bvanston_puzzles/E2BenchmarkWithoutHints/E_10_1.b11i11.nohint.txt;10;689507804;12424202;
20-05-30 23:39:15;bvanston_puzzles/E2BenchmarkWithoutHints/E_10_20.b11i14.nohint.txt;10;27221376;6301;
20-05-30 23:39:21;bvanston_puzzles/E2BenchmarkWithoutHints/E_10_21.b12i13.nohint.txt;10;11121288;2687;
20-05-30 23:39:28;bvanston_puzzles/E2BenchmarkWithoutHints/E_10_22.b12i13.nohint.txt;10;9900154;2335;
20-05-30 23:39:56;bvanston_puzzles/E2BenchmarkWithoutHints/E_10_23.b12i12.nohint.txt;10;100624022;24922;
20-05-30 23:40:18;bvanston_puzzles/E2BenchmarkWithoutHints/E_10_24.b12i12.nohint.txt;10;69861343;17809;
20-05-30 23:40:24;bvanston_puzzles/E2BenchmarkWithoutHints/E_10_25.b12i12.nohint.txt;10;5910868;1508;
20-05-30 23:41:00;bvanston_puzzles/E2BenchmarkWithoutHints/E_10_26.b12i12.nohint.txt;10;125726082;32487;
20-05-31 03:40:27;bvanston_puzzles/E2BenchmarkWithoutHints/E_10_2.b11i11.nohint.txt;10;372052019;14363512;
20-05-31 03:49:14;bvanston_puzzles/E2BenchmarkWithoutHints/E_10_3.b11i11.nohint.txt;10;1948645148;522231;
20-05-31 04:03:48;bvanston_puzzles/E2BenchmarkWithoutHints/E_10_1.b11i11.nohint.txt;10;1595399431;31825586;
20-05-31 04:03:55;bvanston_puzzles/E2BenchmarkWithoutHints/E_10_20.b11i14.nohint.txt;10;12135771;3083;
20-05-31 04:03:59;bvanston_puzzles/E2BenchmarkWithoutHints/E_10_21.b12i13.nohint.txt;10;3349955;823;
20-05-31 04:04:06;bvanston_puzzles/E2BenchmarkWithoutHints/E_10_22.b12i13.nohint.txt;10;8063547;1931;
20-05-31 04:04:31;bvanston_puzzles/E2BenchmarkWithoutHints/E_10_23.b12i12.nohint.txt;10;83870222;21365;
20-05-31 04:06:18;bvanston_puzzles/E2BenchmarkWithoutHints/E_10_24.b12i12.nohint.txt;10;396678598;102532;
20-05-31 04:06:33;bvanston_puzzles/E2BenchmarkWithoutHints/E_10_25.b12i12.nohint.txt;10;42268807;11547;
20-05-31 04:09:40;bvanston_puzzles/E2BenchmarkWithoutHints/E_10_26.b12i12.nohint.txt;10;689899502;182668;
20-05-31 04:40:47;bvanston_puzzles/E2BenchmarkWithoutHints/E_10_2.b11i11.nohint.txt;10;-1845945255;1863436;
20-05-31 04:49:03;bvanston_puzzles/E2BenchmarkWithoutHints/E_10_4.b11i11.nohint.txt;10;807193390;3585088;
20-05-31 04:49:07;bvanston_puzzles/E2BenchmarkWithoutHints/E_10_5.b14i14.nohint.txt;10;411074;87;
20-05-31 04:50:01;bvanston_puzzles/E2BenchmarkWithoutHints/E_10_6.b11i12.nohint.txt;10;192616076;49835;
20-05-31 04:50:05;bvanston_puzzles/E2BenchmarkWithoutHints/E_10_7.b12i15.nohint.txt;10;558183;132;
20-05-31 04:50:10;bvanston_puzzles/E2BenchmarkWithoutHints/E_10_8.b13i14.nohint.txt;10;2716496;666;
20-05-31 04:50:14;bvanston_puzzles/E2BenchmarkWithoutHints/E_10_9.b12i14.nohint.txt;10;231024;53;
20-05-31 04:50:46;bvanston_puzzles/E2BenchmarkWithoutHints/E_7_1.b6i6.nohint.txt;7;156649050;27936;
20-05-31 04:52:44;bvanston_puzzles/E2BenchmarkWithoutHints/E_7_2.b6i6.nohint.txt;7;706039154;113178;
20-05-31 04:53:00;bvanston_puzzles/E2BenchmarkWithoutHints/E_7_3.b6i6.nohint.txt;7;69681152;12211;
20-05-31 04:53:08;bvanston_puzzles/E2BenchmarkWithoutHints/E_7_4.b6i6.nohint.txt;7;24690168;3918;
20-05-31 04:55:20;bvanston_puzzles/E2BenchmarkWithoutHints/E_8_1.b8i8.nohint.txt;8;715192339;128060;
20-05-31 04:58:31;bvanston_puzzles/E2BenchmarkWithoutHints/E_9_10.b10i10.nohint.txt;9;761266507;186841;
20-05-31 04:58:42;bvanston_puzzles/E2BenchmarkWithoutHints/E_9_11.b9i11.nohint.txt;9;27666428;6608;
20-05-31 04:58:55;bvanston_puzzles/E2BenchmarkWithoutHints/E_9_12.b10i10.nohint.txt;9;34563314;8664;
20-05-31 04:59:00;bvanston_puzzles/E2BenchmarkWithoutHints/E_9_13.b10i10.nohint.txt;9;1714805;462;
20-05-31 04:59:12;bvanston_puzzles/E2BenchmarkWithoutHints/E_9_14.b9i10.nohint.txt;9;30433913;7951;
20-05-31 05:00:19;bvanston_puzzles/E2BenchmarkWithoutHints/E_9_15.b10i10.nohint.txt;9;248556538;63207;
20-05-31 05:02:45;bvanston_puzzles/E2BenchmarkWithoutHints/E_9_16.b9i10.nohint.txt;9;527680042;142185;
20-05-31 05:03:52;bvanston_puzzles/E2BenchmarkWithoutHints/E_9_17.b9i10.nohint.txt;9;229421240;62172;
20-05-31 05:05:09;bvanston_puzzles/E2BenchmarkWithoutHints/E_10_3.b11i11.nohint.txt;10;1159503167;1457425;
20-05-31 05:29:24;bvanston_puzzles/E2BenchmarkWithoutHints/E_10_4.b11i11.nohint.txt;10;1185290188;1451316;
20-05-31 05:29:29;bvanston_puzzles/E2BenchmarkWithoutHints/E_10_5.b14i14.nohint.txt;10;502165;113;
20-05-31 05:31:51;bvanston_puzzles/E2BenchmarkWithoutHints/E_10_6.b11i12.nohint.txt;10;543278427;137946;
20-05-31 05:31:55;bvanston_puzzles/E2BenchmarkWithoutHints/E_10_7.b12i15.nohint.txt;10;169688;44;
20-05-31 05:31:59;bvanston_puzzles/E2BenchmarkWithoutHints/E_10_8.b13i14.nohint.txt;10;1468384;343;
20-05-31 05:32:04;bvanston_puzzles/E2BenchmarkWithoutHints/E_10_9.b12i14.nohint.txt;10;2389970;580;
20-05-31 05:32:32;bvanston_puzzles/E2BenchmarkWithoutHints/E_7_1.b6i6.nohint.txt;7;128253343;23595;
20-05-31 05:33:12;bvanston_puzzles/E2BenchmarkWithoutHints/E_9_1.b9i9.nohint.txt;9;-1845879497;1756517;
20-05-31 05:33:43;bvanston_puzzles/E2BenchmarkWithoutHints/E_7_2.b6i6.nohint.txt;7;413549844;67108;
20-05-31 05:34:34;bvanston_puzzles/E2BenchmarkWithoutHints/E_7_3.b6i6.nohint.txt;7;268174552;47015;
20-05-31 05:35:05;bvanston_puzzles/E2BenchmarkWithoutHints/E_7_4.b6i6.nohint.txt;7;166968632;26810;
20-05-31 05:36:37;bvanston_puzzles/E2BenchmarkWithoutHints/E_8_1.b8i8.nohint.txt;8;483401955;87147;
20-05-31 05:39:29;bvanston_puzzles/E2BenchmarkWithoutHints/E_9_10.b10i10.nohint.txt;9;662279247;167955;
20-05-31 05:39:37;bvanston_puzzles/E2BenchmarkWithoutHints/E_9_11.b9i11.nohint.txt;9;16225232;3920;
20-05-31 05:39:49;bvanston_puzzles/E2BenchmarkWithoutHints/E_9_12.b10i10.nohint.txt;9;31422575;7861;
20-05-31 05:40:00;bvanston_puzzles/E2BenchmarkWithoutHints/E_9_13.b10i10.nohint.txt;9;25685616;6504;
20-05-31 05:40:43;bvanston_puzzles/E2BenchmarkWithoutHints/E_9_14.b9i10.nohint.txt;9;159232558;39474;
20-05-31 05:41:02;bvanston_puzzles/E2BenchmarkWithoutHints/E_9_15.b10i10.nohint.txt;9;58212475;14822;
20-05-31 05:43:04;bvanston_puzzles/E2BenchmarkWithoutHints/E_9_16.b9i10.nohint.txt;9;446997431;118098;
20-05-31 05:43:44;bvanston_puzzles/E2BenchmarkWithoutHints/E_9_17.b9i10.nohint.txt;9;132591721;35707;
20-05-31 05:48:39;bvanston_puzzles/E2BenchmarkWithoutHints/E_9_2.b9i9.nohint.txt;9;-883552113;922353;
20-05-31 05:48:43;bvanston_puzzles/E2BenchmarkWithoutHints/E_9_3.b11i12.nohint.txt;9;1645606;381;
20-05-31 05:48:47;bvanston_puzzles/E2BenchmarkWithoutHints/E_9_4.b9i12.nohint.txt;9;1176607;264;
20-05-31 05:48:54;bvanston_puzzles/E2BenchmarkWithoutHints/E_9_5.b10i11.nohint.txt;9;9279257;2159;
20-05-31 06:00:08;bvanston_puzzles/E2BenchmarkWithoutHints/E_9_1.b9i9.nohint.txt;9;-708178212;979345;
20-05-31 06:01:03;bvanston_puzzles/E2BenchmarkWithoutHints/E_9_6.b9i10.nohint.txt;9;-1274829169;725102;
20-05-31 06:01:09;bvanston_puzzles/E2BenchmarkWithoutHints/E_9_7.b9i11.nohint.txt;9;10073792;2351;
20-05-31 06:24:36;bvanston_puzzles/E2BenchmarkWithoutHints/E_9_2.b9i9.nohint.txt;9;1162453927;1464348;
20-05-31 06:24:40;bvanston_puzzles/E2BenchmarkWithoutHints/E_9_3.b11i12.nohint.txt;9;248960;56;
20-05-31 06:24:45;bvanston_puzzles/E2BenchmarkWithoutHints/E_9_4.b9i12.nohint.txt;9;1013928;225;
20-05-31 06:24:51;bvanston_puzzles/E2BenchmarkWithoutHints/E_9_5.b10i11.nohint.txt;9;10183404;2493;
20-05-31 06:58:05;bvanston_puzzles/E2BenchmarkWithoutHints/E_9_6.b9i10.nohint.txt;9;-255048379;1989895;
20-05-31 06:58:10;bvanston_puzzles/E2BenchmarkWithoutHints/E_9_7.b9i11.nohint.txt;9;4622520;1116;
20-05-31 08:47:51;bvanston_puzzles/E2BenchmarkWithoutHints/E_9_8.b8i9.nohint.txt;9;-71691739;9997419;
20-05-31 09:15:29;bvanston_puzzles/E2BenchmarkWithoutHints/E_9_9.b9i10.nohint.txt;9;-1964297849;1653594;
20-05-31 09:17:47;bvanston_puzzles/E2BenchmarkWithoutHints/E_10_10.b12i12.nohint.txt;10;529201315;134136;
20-05-31 09:17:52;bvanston_puzzles/E2BenchmarkWithoutHints/E_10_11.b13i13.nohint.txt;10;4784239;1180;
20-05-31 09:17:57;bvanston_puzzles/E2BenchmarkWithoutHints/E_10_12.b12i13.nohint.txt;10;2566877;620;
20-05-31 09:20:34;bvanston_puzzles/E2BenchmarkWithoutHints/E_10_13.b12i12.nohint.txt;10;587530890;152930;
20-05-31 09:20:39;bvanston_puzzles/E2BenchmarkWithoutHints/E_10_14.b12i13.nohint.txt;10;3256739;825;
20-05-31 09:20:59;bvanston_puzzles/E2BenchmarkWithoutHints/E_10_15.b11i12.nohint.txt;10;61662868;15877;
20-05-31 09:21:04;bvanston_puzzles/E2BenchmarkWithoutHints/E_10_16.b13i13.nohint.txt;10;2873080;720;
20-05-31 09:21:09;bvanston_puzzles/E2BenchmarkWithoutHints/E_10_17.b13i13.nohint.txt;10;5244551;1258;
20-05-31 09:21:14;bvanston_puzzles/E2BenchmarkWithoutHints/E_10_18.b12i13.nohint.txt;10;2214336;525;
20-05-31 09:21:19;bvanston_puzzles/E2BenchmarkWithoutHints/E_10_19.b12i13.nohint.txt;10;3200842;770;
20-05-31 09:34:13;bvanston_puzzles/E2BenchmarkWithoutHints/E_9_8.b8i9.nohint.txt;9;1712374797;9358957;
20-05-31 09:34:23;bvanston_puzzles/E2BenchmarkWithoutHints/E_9_9.b9i10.nohint.txt;9;20039890;5311;
20-05-31 09:35:18;bvanston_puzzles/E2BenchmarkWithoutHints/E_10_10.b12i12.nohint.txt;10;204059768;50940;
20-05-31 09:35:23;bvanston_puzzles/E2BenchmarkWithoutHints/E_10_11.b13i13.nohint.txt;10;4119805;1001;
20-05-31 09:35:28;bvanston_puzzles/E2BenchmarkWithoutHints/E_10_12.b12i13.nohint.txt;10;1417154;335;
20-05-31 09:38:43;bvanston_puzzles/E2BenchmarkWithoutHints/E_10_13.b12i12.nohint.txt;10;744997980;191348;
20-05-31 09:38:47;bvanston_puzzles/E2BenchmarkWithoutHints/E_10_14.b12i13.nohint.txt;10;936408;229;
20-05-31 09:38:58;bvanston_puzzles/E2BenchmarkWithoutHints/E_10_15.b11i12.nohint.txt;10;27071455;6902;
20-05-31 09:39:02;bvanston_puzzles/E2BenchmarkWithoutHints/E_10_16.b13i13.nohint.txt;10;485100;119;
20-05-31 09:39:07;bvanston_puzzles/E2BenchmarkWithoutHints/E_10_17.b13i13.nohint.txt;10;1581152;426;
20-05-31 09:39:11;bvanston_puzzles/E2BenchmarkWithoutHints/E_10_18.b12i13.nohint.txt;10;2236536;526;
20-05-31 09:39:17;bvanston_puzzles/E2BenchmarkWithoutHints/E_10_19.b12i13.nohint.txt;10;4752502;1136;
20-05-31 16:59:03;bvanston_puzzles/E2BenchmarkWithoutHints/E_10_1.b11i11.nohint.txt;10;-2040730505;26382595;
20-05-31 16:59:07;bvanston_puzzles/E2BenchmarkWithoutHints/E_10_20.b11i14.nohint.txt;10;81873;20;
20-05-31 16:59:13;bvanston_puzzles/E2BenchmarkWithoutHints/E_10_21.b12i13.nohint.txt;10;9610276;2272;
20-05-31 16:59:19;bvanston_puzzles/E2BenchmarkWithoutHints/E_10_22.b12i13.nohint.txt;10;8719884;2000;
20-05-31 16:59:38;bvanston_puzzles/E2BenchmarkWithoutHints/E_10_23.b12i12.nohint.txt;10;58760047;14627;
20-05-31 17:01:15;bvanston_puzzles/E2BenchmarkWithoutHints/E_10_24.b12i12.nohint.txt;10;375204259;93781;
20-05-31 17:01:29;bvanston_puzzles/E2BenchmarkWithoutHints/E_10_25.b12i12.nohint.txt;10;39514557;10119;
20-05-31 17:05:13;bvanston_puzzles/E2BenchmarkWithoutHints/E_10_26.b12i12.nohint.txt;10;860408438;220042;
20-05-31 17:24:52;bvanston_puzzles/E2BenchmarkWithoutHints/E_10_2.b11i11.nohint.txt;10;120666388;1174692;
20-05-31 17:41:47;bvanston_puzzles/E2BenchmarkWithoutHints/E_10_1.b11i11.nohint.txt;10;-957865915;30024429;
20-05-31 17:41:56;bvanston_puzzles/E2BenchmarkWithoutHints/E_10_20.b11i14.nohint.txt;10;21501607;4964;
20-05-31 17:42:01;bvanston_puzzles/E2BenchmarkWithoutHints/E_10_21.b12i13.nohint.txt;10;6806475;1627;
20-05-31 17:42:07;bvanston_puzzles/E2BenchmarkWithoutHints/E_10_22.b12i13.nohint.txt;10;6662232;1576;
20-05-31 17:42:29;bvanston_puzzles/E2BenchmarkWithoutHints/E_10_23.b12i12.nohint.txt;10;72933157;18138;
20-05-31 17:43:32;bvanston_puzzles/E2BenchmarkWithoutHints/E_10_24.b12i12.nohint.txt;10;236231319;59333;
20-05-31 17:43:54;bvanston_puzzles/E2BenchmarkWithoutHints/E_10_25.b12i12.nohint.txt;10;71079520;17848;
20-05-31 17:44:01;bvanston_puzzles/E2BenchmarkWithoutHints/E_10_26.b12i12.nohint.txt;10;13141570;3379;
20-05-31 18:07:37;bvanston_puzzles/E2BenchmarkWithoutHints/E_10_2.b11i11.nohint.txt;10;992804822;1412027;
20-05-31 18:21:20;bvanston_puzzles/E2BenchmarkWithoutHints/E_10_3.b11i11.nohint.txt;10;202974554;3384935;
20-05-31 18:32:51;bvanston_puzzles/E2BenchmarkWithoutHints/E_10_3.b11i11.nohint.txt;10;1541360219;1510216;
20-05-31 19:02:15;bvanston_puzzles/E2BenchmarkWithoutHints/E_10_4.b11i11.nohint.txt;10;-1612999633;1760510;
20-05-31 19:02:19;bvanston_puzzles/E2BenchmarkWithoutHints/E_10_5.b14i14.nohint.txt;10;2403872;494;
20-05-31 19:03:17;bvanston_puzzles/E2BenchmarkWithoutHints/E_10_6.b11i12.nohint.txt;10;217074843;53417;
20-05-31 19:03:21;bvanston_puzzles/E2BenchmarkWithoutHints/E_10_7.b12i15.nohint.txt;10;275995;60;
20-05-31 19:03:25;bvanston_puzzles/E2BenchmarkWithoutHints/E_10_8.b13i14.nohint.txt;10;4576275;1007;
20-05-31 19:03:29;bvanston_puzzles/E2BenchmarkWithoutHints/E_10_9.b12i14.nohint.txt;10;1027232;231;
20-05-31 19:04:00;bvanston_puzzles/E2BenchmarkWithoutHints/E_7_1.b6i6.nohint.txt;7;152626986;26547;
20-05-31 19:06:37;bvanston_puzzles/E2BenchmarkWithoutHints/E_7_2.b6i6.nohint.txt;7;996995300;152875;
20-05-31 19:06:44;bvanston_puzzles/E2BenchmarkWithoutHints/E_7_3.b6i6.nohint.txt;7;19886149;3384;
20-05-31 19:06:58;bvanston_puzzles/E2BenchmarkWithoutHints/E_7_4.b6i6.nohint.txt;7;69250768;10712;
20-05-31 19:09:50;bvanston_puzzles/E2BenchmarkWithoutHints/E_8_1.b8i8.nohint.txt;8;968571982;168253;
20-05-31 19:12:38;bvanston_puzzles/E2BenchmarkWithoutHints/E_9_10.b10i10.nohint.txt;9;692748917;164111;
20-05-31 19:12:50;bvanston_puzzles/E2BenchmarkWithoutHints/E_9_11.b9i11.nohint.txt;9;33303960;7470;
20-05-31 19:13:02;bvanston_puzzles/E2BenchmarkWithoutHints/E_9_12.b10i10.nohint.txt;9;33662560;8175;
20-05-31 19:13:16;bvanston_puzzles/E2BenchmarkWithoutHints/E_9_13.b10i10.nohint.txt;9;40857104;10120;
20-05-31 19:14:20;bvanston_puzzles/E2BenchmarkWithoutHints/E_9_14.b9i10.nohint.txt;9;249814080;60380;
20-05-31 19:14:54;bvanston_puzzles/E2BenchmarkWithoutHints/E_9_15.b10i10.nohint.txt;9;122641272;30341;
20-05-31 19:15:10;bvanston_puzzles/E2BenchmarkWithoutHints/E_9_16.b9i10.nohint.txt;9;47274094;12124;
20-05-31 19:15:45;bvanston_puzzles/E2BenchmarkWithoutHints/E_9_17.b9i10.nohint.txt;9;123583893;31628;
20-05-31 19:16:08;bvanston_puzzles/E2BenchmarkWithoutHints/E_10_4.b11i11.nohint.txt;10;31952843;3283581;
20-05-31 19:16:12;bvanston_puzzles/E2BenchmarkWithoutHints/E_10_5.b14i14.nohint.txt;10;1474284;316;
20-05-31 19:18:23;bvanston_puzzles/E2BenchmarkWithoutHints/E_10_6.b11i12.nohint.txt;10;518977550;127599;
20-05-31 19:18:27;bvanston_puzzles/E2BenchmarkWithoutHints/E_10_7.b12i15.nohint.txt;10;350176;76;
20-05-31 19:18:32;bvanston_puzzles/E2BenchmarkWithoutHints/E_10_8.b13i14.nohint.txt;10;4285329;949;
20-05-31 19:18:36;bvanston_puzzles/E2BenchmarkWithoutHints/E_10_9.b12i14.nohint.txt;10;2184954;475;
20-05-31 19:19:16;bvanston_puzzles/E2BenchmarkWithoutHints/E_7_1.b6i6.nohint.txt;7;209215254;36285;
20-05-31 19:22:39;bvanston_puzzles/E2BenchmarkWithoutHints/E_7_2.b6i6.nohint.txt;7;1272535839;198891;
20-05-31 19:24:10;bvanston_puzzles/E2BenchmarkWithoutHints/E_7_3.b6i6.nohint.txt;7;506739053;86706;
20-05-31 19:24:21;bvanston_puzzles/E2BenchmarkWithoutHints/E_7_4.b6i6.nohint.txt;7;49209546;7915;
20-05-31 19:27:05;bvanston_puzzles/E2BenchmarkWithoutHints/E_8_1.b8i8.nohint.txt;8;925174792;160156;
20-05-31 19:30:53;bvanston_puzzles/E2BenchmarkWithoutHints/E_9_10.b10i10.nohint.txt;9;913131529;223429;
20-05-31 19:31:03;bvanston_puzzles/E2BenchmarkWithoutHints/E_9_11.b9i11.nohint.txt;9;26183665;5966;
20-05-31 19:31:29;bvanston_puzzles/E2BenchmarkWithoutHints/E_9_12.b10i10.nohint.txt;9;88313953;21721;
20-05-31 19:31:43;bvanston_puzzles/E2BenchmarkWithoutHints/E_9_13.b10i10.nohint.txt;9;41316732;10232;
20-05-31 19:32:16;bvanston_puzzles/E2BenchmarkWithoutHints/E_9_14.b9i10.nohint.txt;9;118863371;29827;
20-05-31 19:32:40;bvanston_puzzles/E2BenchmarkWithoutHints/E_9_15.b10i10.nohint.txt;9;76488352;19109;
20-05-31 19:32:55;bvanston_puzzles/E2BenchmarkWithoutHints/E_9_16.b9i10.nohint.txt;9;43787772;11606;
20-05-31 19:33:40;bvanston_puzzles/E2BenchmarkWithoutHints/E_9_17.b9i10.nohint.txt;9;159080970;41053;
20-05-31 19:36:44;bvanston_puzzles/E2BenchmarkWithoutHints/E_9_1.b9i9.nohint.txt;9;705756357;180047;
20-05-31 19:51:17;bvanston_puzzles/E2BenchmarkWithoutHints/E_9_2.b9i9.nohint.txt;9;-1002897002;869020;
20-05-31 19:51:21;bvanston_puzzles/E2BenchmarkWithoutHints/E_9_3.b11i12.nohint.txt;9;179978;40;
20-05-31 19:51:25;bvanston_puzzles/E2BenchmarkWithoutHints/E_9_4.b9i12.nohint.txt;9;2618054;573;
20-05-31 19:51:30;bvanston_puzzles/E2BenchmarkWithoutHints/E_9_5.b10i11.nohint.txt;9;6223181;1416;
20-05-31 20:10:06;bvanston_puzzles/E2BenchmarkWithoutHints/E_9_6.b9i10.nohint.txt;9;471234983;1111780;
20-05-31 20:10:11;bvanston_puzzles/E2BenchmarkWithoutHints/E_9_7.b9i11.nohint.txt;9;6165732;1405;
20-05-31 20:12:43;bvanston_puzzles/E2BenchmarkWithoutHints/E_9_1.b9i9.nohint.txt;9;497810778;3413512;
20-05-31 20:20:40;bvanston_puzzles/E2BenchmarkWithoutHints/E_9_2.b9i9.nohint.txt;9;1817444865;473164;
20-05-31 20:20:44;bvanston_puzzles/E2BenchmarkWithoutHints/E_9_3.b11i12.nohint.txt;9;361759;85;
20-05-31 20:20:48;bvanston_puzzles/E2BenchmarkWithoutHints/E_9_4.b9i12.nohint.txt;9;2047468;447;
20-05-31 20:20:54;bvanston_puzzles/E2BenchmarkWithoutHints/E_9_5.b10i11.nohint.txt;9;9090493;2075;
20-05-31 20:34:34;bvanston_puzzles/E2BenchmarkWithoutHints/E_9_6.b9i10.nohint.txt;9;-772978769;816173;
20-05-31 20:34:39;bvanston_puzzles/E2BenchmarkWithoutHints/E_9_7.b9i11.nohint.txt;9;5374722;1229;
20-05-31 21:50:52;bvanston_puzzles/E2BenchmarkWithoutHints/E_9_8.b8i9.nohint.txt;9;-1788629391;6036707;
20-05-31 22:26:57;bvanston_puzzles/E2BenchmarkWithoutHints/E_9_9.b9i10.nohint.txt;9;362768384;2161528;
20-05-31 22:28:42;bvanston_puzzles/E2BenchmarkWithoutHints/E_10_10.b12i12.nohint.txt;10;412294967;100324;
20-05-31 22:28:46;bvanston_puzzles/E2BenchmarkWithoutHints/E_10_11.b13i13.nohint.txt;10;1612148;382;
20-05-31 22:28:50;bvanston_puzzles/E2BenchmarkWithoutHints/E_10_12.b12i13.nohint.txt;10;2604359;577;
20-05-31 22:30:32;bvanston_puzzles/E2BenchmarkWithoutHints/E_10_13.b12i12.nohint.txt;10;390154891;97587;
20-05-31 22:30:37;bvanston_puzzles/E2BenchmarkWithoutHints/E_10_14.b12i13.nohint.txt;10;4504944;1097;
20-05-31 22:30:55;bvanston_puzzles/E2BenchmarkWithoutHints/E_10_15.b11i12.nohint.txt;10;57454100;14494;
20-05-31 22:30:59;bvanston_puzzles/E2BenchmarkWithoutHints/E_10_16.b13i13.nohint.txt;10;24524;6;
20-05-31 22:31:03;bvanston_puzzles/E2BenchmarkWithoutHints/E_10_17.b13i13.nohint.txt;10;1650686;406;
20-05-31 22:31:08;bvanston_puzzles/E2BenchmarkWithoutHints/E_10_18.b12i13.nohint.txt;10;2287431;517;
20-05-31 22:31:15;bvanston_puzzles/E2BenchmarkWithoutHints/E_10_19.b12i13.nohint.txt;10;15863631;3647;
20-05-31 23:16:52;bvanston_puzzles/E2BenchmarkWithoutHints/E_9_8.b8i9.nohint.txt;9;163649215;9729297;
20-05-31 23:42:45;bvanston_puzzles/E2BenchmarkWithoutHints/E_9_9.b9i10.nohint.txt;9;2032138349;1549306;
20-05-31 23:43:15;bvanston_puzzles/E2BenchmarkWithoutHints/E_10_10.b12i12.nohint.txt;10;105310551;26060;
20-05-31 23:43:20;bvanston_puzzles/E2BenchmarkWithoutHints/E_10_11.b13i13.nohint.txt;10;2659970;609;
20-05-31 23:43:24;bvanston_puzzles/E2BenchmarkWithoutHints/E_10_12.b12i13.nohint.txt;10;1371607;306;
20-05-31 23:46:42;bvanston_puzzles/E2BenchmarkWithoutHints/E_10_13.b12i12.nohint.txt;10;779472048;194263;
20-05-31 23:46:47;bvanston_puzzles/E2BenchmarkWithoutHints/E_10_14.b12i13.nohint.txt;10;5134819;1237;
20-05-31 23:47:02;bvanston_puzzles/E2BenchmarkWithoutHints/E_10_15.b11i12.nohint.txt;10;44958581;11266;
20-05-31 23:47:06;bvanston_puzzles/E2BenchmarkWithoutHints/E_10_16.b13i13.nohint.txt;10;1078699;257;
20-05-31 23:47:11;bvanston_puzzles/E2BenchmarkWithoutHints/E_10_17.b13i13.nohint.txt;10;1920086;448;
20-05-31 23:47:15;bvanston_puzzles/E2BenchmarkWithoutHints/E_10_18.b12i13.nohint.txt;10;2442466;549;
20-05-31 23:47:20;bvanston_puzzles/E2BenchmarkWithoutHints/E_10_19.b12i13.nohint.txt;10;4020706;952;
20-06-01 18:14:30;bvanston_puzzles/E2BenchmarkWithoutHints/E_10_1.b11i11.nohint.txt;10;-1064718965;70991461;
20-06-01 18:14:41;bvanston_puzzles/E2BenchmarkWithoutHints/E_10_20.b11i14.nohint.txt;10;31326288;7012;
20-06-01 18:14:49;bvanston_puzzles/E2BenchmarkWithoutHints/E_10_21.b12i13.nohint.txt;10;16078858;3859;
20-06-01 18:14:55;bvanston_puzzles/E2BenchmarkWithoutHints/E_10_22.b12i13.nohint.txt;10;6935352;1650;
20-06-01 18:15:06;bvanston_puzzles/E2BenchmarkWithoutHints/E_10_23.b12i12.nohint.txt;10;31876719;7936;
20-06-01 18:16:16;bvanston_puzzles/E2BenchmarkWithoutHints/E_10_24.b12i12.nohint.txt;10;256798410;65266;
20-06-01 18:16:41;bvanston_puzzles/E2BenchmarkWithoutHints/E_10_25.b12i12.nohint.txt;10;85398525;21873;
20-06-01 18:16:55;bvanston_puzzles/E2BenchmarkWithoutHints/E_10_26.b12i12.nohint.txt;10;36552366;9465;
20-06-01 19:59:35;bvanston_puzzles/E2BenchmarkWithoutHints/E_10_2.b11i11.nohint.txt;10;1507450726;6155948;
20-06-01 20:10:30;bvanston_puzzles/E2BenchmarkWithoutHints/E_10_1.b11i11.nohint.txt;10;-659439639;73386580;
20-06-01 20:10:35;bvanston_puzzles/E2BenchmarkWithoutHints/E_10_20.b11i14.nohint.txt;10;4756340;1121;
20-06-01 20:10:40;bvanston_puzzles/E2BenchmarkWithoutHints/E_10_21.b12i13.nohint.txt;10;3519711;870;
20-06-01 20:10:45;bvanston_puzzles/E2BenchmarkWithoutHints/E_10_22.b12i13.nohint.txt;10;5143444;1252;
20-06-01 20:10:51;bvanston_puzzles/E2BenchmarkWithoutHints/E_10_23.b12i12.nohint.txt;10;7970421;1955;
20-06-01 20:12:32;bvanston_puzzles/E2BenchmarkWithoutHints/E_10_24.b12i12.nohint.txt;10;380588850;96949;
20-06-01 20:13:01;bvanston_puzzles/E2BenchmarkWithoutHints/E_10_25.b12i12.nohint.txt;10;100688865;25337;
20-06-01 20:13:30;bvanston_puzzles/E2BenchmarkWithoutHints/E_10_26.b12i12.nohint.txt;10;97147249;25135;
20-06-01 20:26:46;bvanston_puzzles/E2BenchmarkWithoutHints/E_10_3.b11i11.nohint.txt;10;1936086817;1627000;
20-06-01 21:05:32;bvanston_puzzles/E2BenchmarkWithoutHints/E_10_2.b11i11.nohint.txt;10;-1278583915;3118312;
20-06-01 21:13:11;bvanston_puzzles/E2BenchmarkWithoutHints/E_10_4.b11i11.nohint.txt;10;-2082923898;2781589;
20-06-01 21:13:16;bvanston_puzzles/E2BenchmarkWithoutHints/E_10_5.b14i14.nohint.txt;10;3961962;826;
20-06-01 21:13:56;bvanston_puzzles/E2BenchmarkWithoutHints/E_10_3.b11i11.nohint.txt;10;1903743320;500098;
20-06-01 21:16:18;bvanston_puzzles/E2BenchmarkWithoutHints/E_10_6.b11i12.nohint.txt;10;724043542;178670;
20-06-01 21:16:22;bvanston_puzzles/E2BenchmarkWithoutHints/E_10_7.b12i15.nohint.txt;10;4149;1;
20-06-01 21:16:27;bvanston_puzzles/E2BenchmarkWithoutHints/E_10_8.b13i14.nohint.txt;10;2757211;612;
20-06-01 21:16:31;bvanston_puzzles/E2BenchmarkWithoutHints/E_10_9.b12i14.nohint.txt;10;708588;157;
20-06-01 21:17:02;bvanston_puzzles/E2BenchmarkWithoutHints/E_7_1.b6i6.nohint.txt;7;155498589;26789;
20-06-01 21:17:26;bvanston_puzzles/E2BenchmarkWithoutHints/E_7_2.b6i6.nohint.txt;7;132391684;20801;
20-06-01 21:18:06;bvanston_puzzles/E2BenchmarkWithoutHints/E_7_3.b6i6.nohint.txt;7;209214450;35475;
20-06-01 21:18:29;bvanston_puzzles/E2BenchmarkWithoutHints/E_7_4.b6i6.nohint.txt;7;121943383;19366;
20-06-01 21:20:59;bvanston_puzzles/E2BenchmarkWithoutHints/E_8_1.b8i8.nohint.txt;8;835382684;145920;
20-06-01 21:23:07;bvanston_puzzles/E2BenchmarkWithoutHints/E_9_10.b10i10.nohint.txt;9;510243193;124018;
20-06-01 21:23:15;bvanston_puzzles/E2BenchmarkWithoutHints/E_9_11.b9i11.nohint.txt;9;19201648;4283;
20-06-01 21:23:36;bvanston_puzzles/E2BenchmarkWithoutHints/E_9_12.b10i10.nohint.txt;9;72312547;17746;
20-06-01 21:23:43;bvanston_puzzles/E2BenchmarkWithoutHints/E_9_13.b10i10.nohint.txt;9;9653840;2392;
20-06-01 21:25:04;bvanston_puzzles/E2BenchmarkWithoutHints/E_9_14.b9i10.nohint.txt;9;317435679;76886;
20-06-01 21:25:16;bvanston_puzzles/E2BenchmarkWithoutHints/E_9_15.b10i10.nohint.txt;9;34218391;8520;
20-06-01 21:27:14;bvanston_puzzles/E2BenchmarkWithoutHints/E_9_16.b9i10.nohint.txt;9;446263697;114383;
20-06-01 21:27:46;bvanston_puzzles/E2BenchmarkWithoutHints/E_9_17.b9i10.nohint.txt;9;107707524;27919;
20-06-01 22:20:22;bvanston_puzzles/E2BenchmarkWithoutHints/E_9_1.b9i9.nohint.txt;9;-597571247;3152025;
20-06-01 22:54:04;bvanston_puzzles/E2BenchmarkWithoutHints/E_10_4.b11i11.nohint.txt;10;2043407881;6004067;
20-06-01 22:54:08;bvanston_puzzles/E2BenchmarkWithoutHints/E_10_5.b14i14.nohint.txt;10;326733;70;
20-06-01 22:55:13;bvanston_puzzles/E2BenchmarkWithoutHints/E_10_6.b11i12.nohint.txt;10;246052198;60425;
20-06-01 22:55:17;bvanston_puzzles/E2BenchmarkWithoutHints/E_10_7.b12i15.nohint.txt;10;611740;136;
20-06-01 22:55:21;bvanston_puzzles/E2BenchmarkWithoutHints/E_10_8.b13i14.nohint.txt;10;467555;104;
20-06-01 22:55:24;bvanston_puzzles/E2BenchmarkWithoutHints/E_10_9.b12i14.nohint.txt;10;97117;24;
20-06-01 22:55:56;bvanston_puzzles/E2BenchmarkWithoutHints/E_7_1.b6i6.nohint.txt;7;157760745;27324;
20-06-01 22:56:19;bvanston_puzzles/E2BenchmarkWithoutHints/E_9_2.b9i9.nohint.txt;9;-340770272;2153352;
20-06-01 22:56:23;bvanston_puzzles/E2BenchmarkWithoutHints/E_9_3.b11i12.nohint.txt;9;942989;208;
20-06-01 22:56:27;bvanston_puzzles/E2BenchmarkWithoutHints/E_9_4.b9i12.nohint.txt;9;52090;11;
20-06-01 22:56:32;bvanston_puzzles/E2BenchmarkWithoutHints/E_9_5.b10i11.nohint.txt;9;1714684;395;
20-06-01 22:57:36;bvanston_puzzles/E2BenchmarkWithoutHints/E_7_2.b6i6.nohint.txt;7;625857003;96220;
20-06-01 22:57:54;bvanston_puzzles/E2BenchmarkWithoutHints/E_7_3.b6i6.nohint.txt;7;85173121;14578;
20-06-01 22:58:27;bvanston_puzzles/E2BenchmarkWithoutHints/E_7_4.b6i6.nohint.txt;7;182438858;28830;
20-06-01 22:59:27;bvanston_puzzles/E2BenchmarkWithoutHints/E_8_1.b8i8.nohint.txt;8;325598353;55934;
20-06-01 23:00:30;bvanston_puzzles/E2BenchmarkWithoutHints/E_9_10.b10i10.nohint.txt;9;246669792;59432;
20-06-01 23:00:36;bvanston_puzzles/E2BenchmarkWithoutHints/E_9_11.b9i11.nohint.txt;9;10368567;2293;
20-06-01 23:00:42;bvanston_puzzles/E2BenchmarkWithoutHints/E_9_12.b10i10.nohint.txt;9;10037832;2444;
20-06-01 23:00:55;bvanston_puzzles/E2BenchmarkWithoutHints/E_9_13.b10i10.nohint.txt;9;35667681;8763;
20-06-01 23:01:03;bvanston_puzzles/E2BenchmarkWithoutHints/E_9_14.b9i10.nohint.txt;9;18203991;4438;
20-06-01 23:01:15;bvanston_puzzles/E2BenchmarkWithoutHints/E_9_15.b10i10.nohint.txt;9;30644799;7681;
20-06-01 23:04:43;bvanston_puzzles/E2BenchmarkWithoutHints/E_9_16.b9i10.nohint.txt;9;802778466;204584;
20-06-01 23:05:40;bvanston_puzzles/E2BenchmarkWithoutHints/E_9_17.b9i10.nohint.txt;9;208303499;53340;
20-06-01 23:09:30;bvanston_puzzles/E2BenchmarkWithoutHints/E_9_6.b9i10.nohint.txt;9;-968592407;774507;
20-06-01 23:09:34;bvanston_puzzles/E2BenchmarkWithoutHints/E_9_7.b9i11.nohint.txt;9;2062354;464;
20-06-01 23:46:35;bvanston_puzzles/E2BenchmarkWithoutHints/E_9_1.b9i9.nohint.txt;9;1154083785;2450600;
20-06-01 23:48:51;bvanston_puzzles/E2BenchmarkWithoutHints/E_9_2.b9i9.nohint.txt;9;508895969;131748;
20-06-01 23:48:55;bvanston_puzzles/E2BenchmarkWithoutHints/E_9_3.b11i12.nohint.txt;9;872397;195;
20-06-01 23:48:59;bvanston_puzzles/E2BenchmarkWithoutHints/E_9_4.b9i12.nohint.txt;9;643915;138;
20-06-01 23:49:04;bvanston_puzzles/E2BenchmarkWithoutHints/E_9_5.b10i11.nohint.txt;9;5375209;1195;
20-06-02 00:06:49;bvanston_puzzles/E2BenchmarkWithoutHints/E_9_8.b8i9.nohint.txt;9;813002551;3431383;
20-06-02 00:08:39;bvanston_puzzles/E2BenchmarkWithoutHints/E_9_9.b9i10.nohint.txt;9;436707763;105889;
20-06-02 00:09:27;bvanston_puzzles/E2BenchmarkWithoutHints/E_9_6.b9i10.nohint.txt;9;923550112;1219541;
20-06-02 00:09:32;bvanston_puzzles/E2BenchmarkWithoutHints/E_9_7.b9i11.nohint.txt;9;3859406;873;
20-06-02 00:10:12;bvanston_puzzles/E2BenchmarkWithoutHints/E_10_10.b12i12.nohint.txt;10;359212271;88818;
20-06-02 00:10:16;bvanston_puzzles/E2BenchmarkWithoutHints/E_10_11.b13i13.nohint.txt;10;763171;181;
20-06-02 00:10:20;bvanston_puzzles/E2BenchmarkWithoutHints/E_10_12.b12i13.nohint.txt;10;1311425;290;
20-06-02 00:14:17;bvanston_puzzles/E2BenchmarkWithoutHints/E_10_13.b12i12.nohint.txt;10;940430082;233277;
20-06-02 00:14:21;bvanston_puzzles/E2BenchmarkWithoutHints/E_10_14.b12i13.nohint.txt;10;792031;188;
20-06-02 00:15:03;bvanston_puzzles/E2BenchmarkWithoutHints/E_10_15.b11i12.nohint.txt;10;150667885;37709;
20-06-02 00:15:07;bvanston_puzzles/E2BenchmarkWithoutHints/E_10_16.b13i13.nohint.txt;10;1621033;389;
20-06-02 00:15:11;bvanston_puzzles/E2BenchmarkWithoutHints/E_10_17.b13i13.nohint.txt;10;329664;75;
20-06-02 00:15:16;bvanston_puzzles/E2BenchmarkWithoutHints/E_10_18.b12i13.nohint.txt;10;7032009;1635;
20-06-02 00:15:25;bvanston_puzzles/E2BenchmarkWithoutHints/E_10_19.b12i13.nohint.txt;10;20232056;4692;
20-06-02 02:02:43;bvanston_puzzles/E2BenchmarkWithoutHints/E_9_8.b8i9.nohint.txt;9;1263454699;6787685;
20-06-02 02:03:07;bvanston_puzzles/E2BenchmarkWithoutHints/E_9_9.b9i10.nohint.txt;9;78961026;19409;
20-06-02 02:03:13;bvanston_puzzles/E2BenchmarkWithoutHints/E_10_10.b12i12.nohint.txt;10;10181559;2492;
20-06-02 02:03:18;bvanston_puzzles/E2BenchmarkWithoutHints/E_10_11.b13i13.nohint.txt;10;4573004;1055;
20-06-02 02:03:22;bvanston_puzzles/E2BenchmarkWithoutHints/E_10_12.b12i13.nohint.txt;10;1903976;427;
20-06-02 02:06:51;bvanston_puzzles/E2BenchmarkWithoutHints/E_10_13.b12i12.nohint.txt;10;822302584;205051;
20-06-02 02:06:56;bvanston_puzzles/E2BenchmarkWithoutHints/E_10_14.b12i13.nohint.txt;10;5849234;1420;
20-06-02 02:07:31;bvanston_puzzles/E2BenchmarkWithoutHints/E_10_15.b11i12.nohint.txt;10;125619211;31325;
20-06-02 02:07:37;bvanston_puzzles/E2BenchmarkWithoutHints/E_10_16.b13i13.nohint.txt;10;6336591;1490;
20-06-02 02:07:43;bvanston_puzzles/E2BenchmarkWithoutHints/E_10_17.b13i13.nohint.txt;10;10890820;2532;
20-06-02 02:07:47;bvanston_puzzles/E2BenchmarkWithoutHints/E_10_18.b12i13.nohint.txt;10;323646;75;
20-06-02 02:07:56;bvanston_puzzles/E2BenchmarkWithoutHints/E_10_19.b12i13.nohint.txt;10;23933902;5495;
20-06-02 11:45:07;bvanston_puzzles/E2BenchmarkWithoutHints/E_10_1.b11i11.nohint.txt;10;-699296409;34626640;
20-06-02 11:45:15;bvanston_puzzles/E2BenchmarkWithoutHints/E_10_20.b11i14.nohint.txt;10;18599751;4211;
20-06-02 11:45:26;bvanston_puzzles/E2BenchmarkWithoutHints/E_10_21.b12i13.nohint.txt;10;29377482;6974;
20-06-02 11:45:32;bvanston_puzzles/E2BenchmarkWithoutHints/E_10_22.b12i13.nohint.txt;10;10851789;2511;
20-06-02 11:45:37;bvanston_puzzles/E2BenchmarkWithoutHints/E_10_23.b12i12.nohint.txt;10;2537129;631;
20-06-02 11:47:41;bvanston_puzzles/E2BenchmarkWithoutHints/E_10_24.b12i12.nohint.txt;10;471157639;120094;
20-06-02 11:47:51;bvanston_puzzles/E2BenchmarkWithoutHints/E_10_25.b12i12.nohint.txt;10;24779028;6353;
20-06-02 11:51:45;bvanston_puzzles/E2BenchmarkWithoutHints/E_10_26.b12i12.nohint.txt;10;900959263;230377;
20-06-02 13:26:56;bvanston_puzzles/E2BenchmarkWithoutHints/E_10_2.b11i11.nohint.txt;10;-449841659;5706481;
20-06-02 13:47:08;bvanston_puzzles/E2BenchmarkWithoutHints/E_10_3.b11i11.nohint.txt;10;297126074;1208442;
20-06-02 15:34:00;bvanston_puzzles/E2BenchmarkWithoutHints/E_10_4.b11i11.nohint.txt;10;-999509773;6407221;
20-06-02 15:34:04;bvanston_puzzles/E2BenchmarkWithoutHints/E_10_5.b14i14.nohint.txt;10;3541396;740;
20-06-02 15:35:39;bvanston_puzzles/E2BenchmarkWithoutHints/E_10_6.b11i12.nohint.txt;10;362116493;90435;
20-06-02 15:35:43;bvanston_puzzles/E2BenchmarkWithoutHints/E_10_7.b12i15.nohint.txt;10;180634;41;
20-06-02 15:35:47;bvanston_puzzles/E2BenchmarkWithoutHints/E_10_8.b13i14.nohint.txt;10;436660;106;
20-06-02 15:35:51;bvanston_puzzles/E2BenchmarkWithoutHints/E_10_9.b12i14.nohint.txt;10;3174375;728;
20-06-02 15:36:00;bvanston_puzzles/E2BenchmarkWithoutHints/E_7_1.b6i6.nohint.txt;7;28655074;5075;
20-06-02 15:36:59;bvanston_puzzles/E2BenchmarkWithoutHints/E_7_2.b6i6.nohint.txt;7;342722649;54579;
20-06-02 15:37:36;bvanston_puzzles/E2BenchmarkWithoutHints/E_7_3.b6i6.nohint.txt;7;189674766;32794;
20-06-02 15:38:26;bvanston_puzzles/E2BenchmarkWithoutHints/E_7_4.b6i6.nohint.txt;7;274388591;45600;
20-06-02 15:39:57;bvanston_puzzles/E2BenchmarkWithoutHints/E_8_1.b8i8.nohint.txt;8;501218361;87167;
20-06-02 15:42:26;bvanston_puzzles/E2BenchmarkWithoutHints/E_9_10.b10i10.nohint.txt;9;600012287;145494;
20-06-02 15:42:33;bvanston_puzzles/E2BenchmarkWithoutHints/E_9_11.b9i11.nohint.txt;9;12670586;2881;
20-06-02 15:42:47;bvanston_puzzles/E2BenchmarkWithoutHints/E_9_12.b10i10.nohint.txt;9;42717251;10487;
20-06-02 15:43:06;bvanston_puzzles/E2BenchmarkWithoutHints/E_9_13.b10i10.nohint.txt;9;58649705;14684;
20-06-02 15:43:55;bvanston_puzzles/E2BenchmarkWithoutHints/E_9_14.b9i10.nohint.txt;9;185536493;45155;
20-06-02 15:44:00;bvanston_puzzles/E2BenchmarkWithoutHints/E_9_15.b10i10.nohint.txt;9;4094317;1045;
20-06-02 15:44:21;bvanston_puzzles/E2BenchmarkWithoutHints/E_9_16.b9i10.nohint.txt;9;64419533;16623;
20-06-02 15:45:46;bvanston_puzzles/E2BenchmarkWithoutHints/E_9_17.b9i10.nohint.txt;9;318325496;81718;
20-06-02 16:29:27;bvanston_puzzles/E2BenchmarkWithoutHints/E_9_1.b9i9.nohint.txt;9;1682714539;2617312;
20-06-02 16:59:12;bvanston_puzzles/E2BenchmarkWithoutHints/E_9_2.b9i9.nohint.txt;9;-1863380089;1780453;
20-06-02 16:59:16;bvanston_puzzles/E2BenchmarkWithoutHints/E_9_3.b11i12.nohint.txt;9;501293;115;
20-06-02 16:59:20;bvanston_puzzles/E2BenchmarkWithoutHints/E_9_4.b9i12.nohint.txt;9;200754;46;
20-06-02 16:59:26;bvanston_puzzles/E2BenchmarkWithoutHints/E_9_5.b10i11.nohint.txt;9;10724696;2449;
20-06-02 17:14:48;bvanston_puzzles/E2BenchmarkWithoutHints/E_9_6.b9i10.nohint.txt;9;-353561700;917607;
20-06-02 17:14:52;bvanston_puzzles/E2BenchmarkWithoutHints/E_9_7.b9i11.nohint.txt;9;1955710;449;
20-06-02 17:34:43;bvanston_puzzles/E2BenchmarkWithoutHints/E_9_8.b8i9.nohint.txt;9;358944020;1186868;
20-06-02 18:31:57;bvanston_puzzles/E2BenchmarkWithoutHints/E_9_9.b9i10.nohint.txt;9;1255213136;3430134;
20-06-02 18:33:28;bvanston_puzzles/E2BenchmarkWithoutHints/E_10_10.b12i12.nohint.txt;10;352804591;87222;
20-06-02 18:33:32;bvanston_puzzles/E2BenchmarkWithoutHints/E_10_11.b13i13.nohint.txt;10;1728926;408;
20-06-02 18:33:37;bvanston_puzzles/E2BenchmarkWithoutHints/E_10_12.b12i13.nohint.txt;10;2583331;579;
20-06-02 18:34:52;bvanston_puzzles/E2BenchmarkWithoutHints/E_10_13.b12i12.nohint.txt;10;282795476;71399;
20-06-02 18:34:56;bvanston_puzzles/E2BenchmarkWithoutHints/E_10_14.b12i13.nohint.txt;10;2275598;563;
20-06-02 18:35:14;bvanston_puzzles/E2BenchmarkWithoutHints/E_10_15.b11i12.nohint.txt;10;55151567;14015;
20-06-02 18:35:19;bvanston_puzzles/E2BenchmarkWithoutHints/E_10_16.b13i13.nohint.txt;10;5230036;1255;
20-06-02 18:35:24;bvanston_puzzles/E2BenchmarkWithoutHints/E_10_17.b13i13.nohint.txt;10;3696815;922;
20-06-02 18:35:29;bvanston_puzzles/E2BenchmarkWithoutHints/E_10_18.b12i13.nohint.txt;10;4647077;1110;
20-06-02 18:35:35;bvanston_puzzles/E2BenchmarkWithoutHints/E_10_19.b12i13.nohint.txt;10;9988450;2323;
20-06-02 21:06:29;bvanston_puzzles/E2BenchmarkWithoutHints/E_10_1.b11i11.nohint.txt;10;1008462832;9049424;
20-06-02 21:06:42;bvanston_puzzles/E2BenchmarkWithoutHints/E_10_20.b11i14.nohint.txt;10;41379764;9804;
20-06-02 21:06:49;bvanston_puzzles/E2BenchmarkWithoutHints/E_10_21.b12i13.nohint.txt;10;13130237;3114;
20-06-02 21:06:55;bvanston_puzzles/E2BenchmarkWithoutHints/E_10_22.b12i13.nohint.txt;10;6779975;1597;
20-06-02 21:07:01;bvanston_puzzles/E2BenchmarkWithoutHints/E_10_23.b12i12.nohint.txt;10;6797599;1885;
20-06-02 21:07:34;bvanston_puzzles/E2BenchmarkWithoutHints/E_10_24.b12i12.nohint.txt;10;110113300;28675;
20-06-02 21:08:00;bvanston_puzzles/E2BenchmarkWithoutHints/E_10_25.b12i12.nohint.txt;10;85448408;21990;
20-06-02 21:11:22;bvanston_puzzles/E2BenchmarkWithoutHints/E_10_26.b12i12.nohint.txt;10;762075038;198460;
20-06-02 21:44:57;bvanston_puzzles/E2BenchmarkWithoutHints/E_10_1.b11i11.nohint.txt;10;-1637535352;77368508;
20-06-02 21:45:02;bvanston_puzzles/E2BenchmarkWithoutHints/E_10_20.b11i14.nohint.txt;10;2743531;637;
20-06-02 21:45:07;bvanston_puzzles/E2BenchmarkWithoutHints/E_10_21.b12i13.nohint.txt;10;6442576;1535;
20-06-02 21:45:13;bvanston_puzzles/E2BenchmarkWithoutHints/E_10_22.b12i13.nohint.txt;10;6736152;1629;
20-06-02 21:45:45;bvanston_puzzles/E2BenchmarkWithoutHints/E_10_23.b12i12.nohint.txt;10;112256249;28052;
20-06-02 21:45:58;bvanston_puzzles/E2BenchmarkWithoutHints/E_10_24.b12i12.nohint.txt;10;34675504;8920;
20-06-02 21:46:06;bvanston_puzzles/E2BenchmarkWithoutHints/E_10_25.b12i12.nohint.txt;10;15138940;3855;
20-06-02 21:46:12;bvanston_puzzles/E2BenchmarkWithoutHints/E_10_26.b12i12.nohint.txt;10;9009915;2363;
20-06-02 22:09:00;bvanston_puzzles/E2BenchmarkWithoutHints/E_10_2.b11i11.nohint.txt;10;-219179874;3453645;
20-06-02 22:20:03;bvanston_puzzles/E2BenchmarkWithoutHints/E_10_3.b11i11.nohint.txt;10;-1779385208;658882;
20-06-02 22:57:18;bvanston_puzzles/E2BenchmarkWithoutHints/E_10_4.b11i11.nohint.txt;10;130489804;2231351;
20-06-02 22:57:22;bvanston_puzzles/E2BenchmarkWithoutHints/E_10_5.b14i14.nohint.txt;10;323624;72;
20-06-02 22:58:28;bvanston_puzzles/E2BenchmarkWithoutHints/E_10_6.b11i12.nohint.txt;10;248541909;61791;
20-06-02 22:58:32;bvanston_puzzles/E2BenchmarkWithoutHints/E_10_7.b12i15.nohint.txt;10;525648;117;
20-06-02 22:58:36;bvanston_puzzles/E2BenchmarkWithoutHints/E_10_8.b13i14.nohint.txt;10;684714;158;
20-06-02 22:58:40;bvanston_puzzles/E2BenchmarkWithoutHints/E_10_9.b12i14.nohint.txt;10;562531;142;
20-06-03 00:07:04;bvanston_puzzles/E2BenchmarkWithoutHints/E_10_2.b11i11.nohint.txt;10;943349345;8447752;
20-06-03 00:53:33;bvanston_puzzles/E2BenchmarkWithoutHints/E_10_3.b11i11.nohint.txt;10;1992203368;2785066;
20-06-03 01:21:57;bvanston_puzzles/E2BenchmarkWithoutHints/E_10_4.b11i11.nohint.txt;10;-2022561772;1699607;
20-06-03 01:22:01;bvanston_puzzles/E2BenchmarkWithoutHints/E_10_5.b14i14.nohint.txt;10;402188;94;
20-06-03 01:22:07;bvanston_puzzles/E2BenchmarkWithoutHints/E_10_6.b11i12.nohint.txt;10;5855905;1463;
20-06-03 01:22:11;bvanston_puzzles/E2BenchmarkWithoutHints/E_10_7.b12i15.nohint.txt;10;638537;144;
20-06-03 01:22:15;bvanston_puzzles/E2BenchmarkWithoutHints/E_10_8.b13i14.nohint.txt;10;593035;139;
20-06-03 01:22:20;bvanston_puzzles/E2BenchmarkWithoutHints/E_10_9.b12i14.nohint.txt;10;475572;114;
20-06-03 01:22:49;bvanston_puzzles/E2BenchmarkWithoutHints/E_7_1.b6i6.nohint.txt;7;143211096;25219;
20-06-03 01:25:04;bvanston_puzzles/E2BenchmarkWithoutHints/E_7_2.b6i6.nohint.txt;7;837934728;131245;
20-06-03 01:25:45;bvanston_puzzles/E2BenchmarkWithoutHints/E_7_3.b6i6.nohint.txt;7;211385465;36230;
20-06-03 01:26:27;bvanston_puzzles/E2BenchmarkWithoutHints/E_7_4.b6i6.nohint.txt;7;238028619;37802;
20-06-03 01:27:49;bvanston_puzzles/E2BenchmarkWithoutHints/E_8_1.b8i8.nohint.txt;8;440465131;77976;
20-06-03 01:29:33;bvanston_puzzles/E2BenchmarkWithoutHints/E_9_10.b10i10.nohint.txt;9;414288045;99829;
20-06-03 01:29:38;bvanston_puzzles/E2BenchmarkWithoutHints/E_9_11.b9i11.nohint.txt;9;3748168;840;
20-06-03 01:29:47;bvanston_puzzles/E2BenchmarkWithoutHints/E_9_12.b10i10.nohint.txt;9;19565577;4837;
20-06-03 01:29:56;bvanston_puzzles/E2BenchmarkWithoutHints/E_9_13.b10i10.nohint.txt;9;19473195;4967;
20-06-03 01:30:28;bvanston_puzzles/E2BenchmarkWithoutHints/E_9_14.b9i10.nohint.txt;9;112842716;27357;
20-06-03 01:30:47;bvanston_puzzles/E2BenchmarkWithoutHints/E_9_15.b10i10.nohint.txt;9;61490095;15525;
20-06-03 01:32:15;bvanston_puzzles/E2BenchmarkWithoutHints/E_9_16.b9i10.nohint.txt;9;323321840;83865;
20-06-03 01:33:07;bvanston_puzzles/E2BenchmarkWithoutHints/E_9_17.b9i10.nohint.txt;9;180821851;47196;
20-06-03 01:36:24;bvanston_puzzles/E2BenchmarkWithoutHints/E_9_1.b9i9.nohint.txt;9;755821154;193075;
20-06-03 02:20:10;bvanston_puzzles/E2BenchmarkWithoutHints/E_9_2.b9i9.nohint.txt;9;1355367267;2621524;
20-06-03 02:20:14;bvanston_puzzles/E2BenchmarkWithoutHints/E_9_3.b11i12.nohint.txt;9;156635;41;
20-06-03 02:20:18;bvanston_puzzles/E2BenchmarkWithoutHints/E_9_4.b9i12.nohint.txt;9;748494;174;
20-06-03 02:20:25;bvanston_puzzles/E2BenchmarkWithoutHints/E_9_5.b10i11.nohint.txt;9;10131805;2360;
20-06-03 02:26:22;bvanston_puzzles/E2BenchmarkWithoutHints/E_9_6.b9i10.nohint.txt;9;1492573130;352813;
20-06-03 02:26:28;bvanston_puzzles/E2BenchmarkWithoutHints/E_9_7.b9i11.nohint.txt;9;7420307;1727;
20-06-03 05:00:08;bvanston_puzzles/E2BenchmarkWithoutHints/E_9_8.b8i9.nohint.txt;9;1836780028;9216280;
20-06-03 05:35:55;bvanston_puzzles/E2BenchmarkWithoutHints/E_9_9.b9i10.nohint.txt;9;60470191;2142268;
20-06-03 05:36:54;bvanston_puzzles/E2BenchmarkWithoutHints/E_10_10.b12i12.nohint.txt;10;218807485;54876;
20-06-03 05:36:58;bvanston_puzzles/E2BenchmarkWithoutHints/E_10_11.b13i13.nohint.txt;10;2487698;592;
20-06-03 05:37:03;bvanston_puzzles/E2BenchmarkWithoutHints/E_10_12.b12i13.nohint.txt;10;3444357;794;
20-06-03 05:40:25;bvanston_puzzles/E2BenchmarkWithoutHints/E_10_13.b12i12.nohint.txt;10;776113499;197396;
20-06-03 05:40:32;bvanston_puzzles/E2BenchmarkWithoutHints/E_10_14.b12i13.nohint.txt;10;10730541;2670;
20-06-03 05:40:44;bvanston_puzzles/E2BenchmarkWithoutHints/E_10_15.b11i12.nohint.txt;10;29213965;7507;
20-06-03 05:40:48;bvanston_puzzles/E2BenchmarkWithoutHints/E_10_16.b13i13.nohint.txt;10;1520363;363;
20-06-03 05:40:54;bvanston_puzzles/E2BenchmarkWithoutHints/E_10_17.b13i13.nohint.txt;10;5404573;1358;
20-06-03 05:40:58;bvanston_puzzles/E2BenchmarkWithoutHints/E_10_18.b12i13.nohint.txt;10;1092457;268;
20-06-03 05:41:04;bvanston_puzzles/E2BenchmarkWithoutHints/E_10_19.b12i13.nohint.txt;10;6668056;1595;
